keys,ru,en,tr,fr,it
UI_PLAY,"▶  ИГРАТЬ","▶  PLAY","▶  OYNA","▶  JOUER","▶  GIOCA"
UI_SETTINGS,"⚙  НАСТРОЙКИ","⚙  SETTINGS","⚙  AYARLAR","⚙  PARAMÈTRES","⚙  IMPOSTAZIONI"
UI_PERKS,"✦  ПЕРКИ","✦  PERKS","✦  YETENEKLER","✦  COMPÉTENCES","✦  POTENZIAMENTI"
UI_SOUND_TOOLTIP,"Все звуки и музыка вкл/выкл","Toggle all sound and music","Tüm ses ve müzikleri aç/kapat","Activer/désactiver tous les sons et musiques","Attiva/disattiva audio e musica"
UI_LEVEL_SELECT,"🧬 ВЫБОР УРОВНЯ","🧬 LEVEL SELECT","🧬 BÖLÜM SEÇİMİ","🧬 SÉLECTION DU NIVEAU","🧬 SELEZIONE LIVELLO"
UI_BACK_TO_MENU,"← НАЗАД В МЕНЮ","← BACK TO MENU","← MENÜYE DÖN","← RETOUR AU MENU","← TORNA AL MENU"
UI_BACK,"← НАЗАД","← BACK","← GERİ","← RETOUR","← INDIETRO"
UI_CHAPTER,"ГЛАВА %d","CHAPTER %d","BÖLÜM %d","CHAPITRE %d","CAPITOLO %d"
UI_LEVELS_RANGE,"Уровни %d-%d","Levels %d-%d","Seviyeler %d-%d","Niveaux %d-%d","Livelli %d-%d"
UI_CHAPTER_LOCKED,"🔒 Глава откроется при достижении %d ⭐ (нужно еще %d)","🔒 Chapter unlocks at %d ⭐ (%d more needed)","🔒 Bölüm %d ⭐ ile açılır (%d daha gerekli)","🔒 Chapitre débloqué à %d ⭐ (encore %d requis)","🔒 Il capitolo si sblocca a %d ⭐ (ancora %d necessari)"
UI_SELECT_DIFFICULTY,"ВЫБЕРИ СЛОЖНОСТЬ","SELECT DIFFICULTY","ZORLUK SEÇİMİ","CHOISIR LA DIFFICULTÉ","SCEGLI LA DIFFICOLTÀ"
UI_DIFFICULTY_SUBTITLE,"Каждая сложность даст разное число звезд","Each difficulty awards a different number of stars","Her zorluk farklı sayıda yıldız kazandırır","Chaque difficulté rapporte un nombre d'étoiles différent","Ogni difficoltà assegna un numero diverso di stelle"
UI_DIFF_EASY,"ЛЕГКИЙ","EASY","KOLAY","FACILE","FACILE"
UI_DIFF_EASY_DESC,"Меньше врагов, медленная реакция ИИ","Fewer enemies, slower AI reaction","Daha az düşman, yavaş YZ tepkisi","Moins d'ennemis, réaction IA plus lente","Meno nemici, reazione IA più lenta"
UI_DIFF_MEDIUM,"СРЕДНИЙ","MEDIUM","ORTA","MOYEN","MEDIO"
UI_DIFF_MEDIUM_DESC,"Стандартный сбалансированный бой","Standard balanced combat","Standart dengeli savaş","Combat équilibré standard","Combattimento bilanciato standard"
UI_DIFF_HARD,"СЛОЖНЫЙ","HARD","ZOR","DIFFICILE","DIFFICILE"
UI_DIFF_HARD_DESC,"Усиленный старт врага, агрессивный ИИ","Stronger enemy start, aggressive AI","Güçlü düşman başlangıcı, agresif YZ","Départ ennemi renforcé, IA agressive","Inizio nemico potenziato, IA aggressiva"
UI_CANCEL,"✖ ОТМЕНА","✖ CANCEL","✖ İPTAL","✖ ANNULER","✖ ANNULLA"
UI_SETTINGS_HEADER,"⚙  НАСТРОЙКИ","⚙  SETTINGS","⚙  AYARLAR","⚙  PARAMÈTRES","⚙  IMPOSTAZIONI"
UI_SOUNDS,"🔊  Звуки","🔊  Sounds","🔊  Sesler","🔊  Sons","🔊  Effetti"
UI_MUSIC,"🎵  Музыка","🎵  Music","🎵  Müzik","🎵  Musique","🎵  Musica"
UI_LANGUAGE,"🌐  Язык","🌐  Language","🌐  Dil","🌐  Langue","🌐  Lingua"
UI_DONE,"✓  ГОТОВО","✓  DONE","✓  TAMAM","✓  TERMINÉ","✓  FATTO"
UI_PERKS_HEADER,"✦  ПЕРКИ","✦  PERKS","✦  YETENEKLER","✦  COMPÉTENCES","✦  POTENZIAMENTI"
UI_PERKS_SUBTITLE,"Нажми на перк, чтобы прочитать как он работает","Select a perk to read how it works","Nasıl çalıştığını okumak için bir yeteneğe tıkla","Cliquez sur une compétence pour voir son fonctionnement","Seleziona un potenziamento per scoprire come funziona"
UI_PERK_COST,"Стоимость","Cost","Maliyet","Coût","Costo"
UI_PERK_COOLDOWN,"Перезарядка","Cooldown","Bekleme Süresi","Recharge","Ricarica"
UI_SECONDS_SHORT,"%sс","%ss","%ss","%ss","%ss"
PERK_SHIELD_TITLE,"ЩИТ","SHIELD","KALKAN","BOUCLIER","SCUDO"
PERK_SHIELD_SUB,"Щит колонии","Colony shield","Koloni kalkanı","Bouclier de colonie","Scudo della colonia"
PERK_SHIELD_DESC,"Создает защиту вокруг центра колонии и прикрывает соседние клетки. Щит отражает обычные снаряды и помогает пережить вражеский залп.","Creates a protective barrier around the colony center protecting adjacent cells. Reflects normal projectiles and withstands enemy barrages.","Koloni merkezinin etrafında komşu hücreleri koruyan bir kalkan oluşturur. Normal mermileri yansıtır ve düşman saldırılarına dayanır.","Crée une barrière protectrice autour du centre de la colonie pour protéger les cellules voisines. Renvoie les projectiles normaux.","Crea una barriera protettiva attorno al centro della colonia proteggendo le cellule adiacenti. Riflette i proiettili normali."
PERK_SPEED_TITLE,"СПРИНТ","SPRINT","DEPAR","SPRINT","SCATTO"
PERK_SPEED_SUB,"Общий буст","Speed boost","Hız takviyesi","Boost de vitesse","Aumento velocità"
PERK_SPEED_DESC,"Временно ускоряет всю колонию. Идеален для маневров, быстрого сближения и резкого нападения, когда нужно навязать бой первым.","Temporarily accelerates the entire colony. Ideal for maneuvering, rapid closing in, and striking first.","Tüm koloniyi geçici olarak hızlandırır. Manevralar, hızlı yaklaşma ve ilk saldıran olmak için mükemmeldir.","Accélère temporairement toute la colonie. Idéal pour manœuvrer, se rapprocher rapidement et frapper en premier.","Accelera temporaneamente l'intera colonia. Ideale per manovre evasive, avvicinamento rapido e attacchi fulminei."
PERK_RAPID_FIRE_TITLE,"СКОРОСТРЕЛЬНОСТЬ","RAPID FIRE","SERİ ATEŞ","TIR RAPIDE","FUOCO RAPIDO"
PERK_RAPID_FIRE_SUB,"Темп огня","Fire rate","Ateş hızı","Cadence de tir","Cadenza di tiro"
PERK_RAPID_FIRE_DESC,"Временно ускоряет стрельбу всей колонии. Лучше всего раскрывается перед добиванием вражеской группы или во время общего пуша.","Temporarily boosts the firing rate of the entire colony. Best used when finishing off an enemy squad or during a massive push.","Tüm koloninin ateş hızını geçici olarak artırır. Düşman grubunu bitirirken veya büyük bir hücum sırasında etkilidir.","Augmente temporairement la cadence de tir de toute la colonie. Idéal pour éliminer un groupe ennemi ou lors d'un assaut majeur.","Aumenta temporaneamente la cadenza di fuoco di tutta la colonia. Ottimo per eliminare gruppi nemici o durante un assalto in massa."
PERK_VIRUS_TITLE,"ВИРУС","VIRUS","VİRÜS","VIRUS","VIRUS"
PERK_VIRUS_SUB,"Автоцель","Auto-target","Otomatik hedef","Cible auto","Bersaglio auto"
PERK_VIRUS_DESC,"Запускает вирус во врага. Заражение один раз передаётся соседним клеткам его фракции и проходит волной по колонии. Одна волна не заражает клетку повторно, свои клетки невосприимчивы.","Fires an infectious virus at an enemy. Infection spreads once to adjacent faction cells in a wave through the colony. Friendly cells are immune.","Düşmana bulaşıcı bir virüs fırlatır. Bulaşma dalga halinde komşu düşman hücrelerine yayılır. Dost hücreler bağışıktır.","Projette un virus sur un ennemi. L'infection se propage en vague aux cellules voisines de sa faction. Les cellules alliées sont immunisées.","Lancia un virus infettivo contro un nemico. L'infezione si propaga a onda alle cellule nemiche adiacenti. Le cellule alleate sono immuni."
UI_PAUSE,"ПАУЗА","PAUSE","DURAKLAT","PAUSE","PAUSA"
UI_RESUME,"Продолжить","Resume","Devam Et","Reprendre","Riprendi"
UI_RESTART,"Рестарт","Restart","Yeniden Başlat","Recommencer","Riavvia"
UI_QUIT_TO_MENU,"Выйти в меню","Quit to Menu","Menüye Çık","Quitter vers le menu","Torna al menu"
UI_AUDIO,"ЗВУК","AUDIO","SES","AUDIO","AUDIO"
UI_MASTER_VOLUME,"ОБЩАЯ ГРОМКОСТЬ","MASTER VOLUME","GENEL SES","VOLUME GÉNÉRAL","VOLUME PRINCIPALE"
UI_LEVEL_MUSIC,"МУЗЫКА УРОВНЯ","LEVEL MUSIC","BÖLÜM MÜZİĞİ","MUSIQUE DU NIVEAU","MUSICA DEL LIVELLO"
UI_VICTORY,"ПОБЕДА","VICTORY","ZAFER","VICTOIRE","VITTORIA"
UI_DEFEAT,"ПОРАЖЕНИЕ","DEFEAT","YENİLGİ","DÉFAITE","SCONFITTA"
UI_NEXT_LEVEL,"СЛЕДУЮЩИЙ УРОВЕНЬ","NEXT LEVEL","SONRAKİ BÖLÜM","NIVEAU SUIVANT","LIVELLO SUCCESSIVO"
UI_TO_MAIN_MENU,"В ГЛАВНОЕ МЕНЮ","TO MAIN MENU","ANA MENÜYE","AU MENU PRINCIPAL","AL MENU PRINCIPALE"
UI_REPLAY,"ПЕРЕИГРАТЬ","REPLAY","TEKRAR OYNA","REJOUER","RIGIOCA"
UI_RETRY,"ПОВТОРИТЬ ПОПЫТКУ","TRY AGAIN","TEKRAR DENE","RÉESSAYER","RIPROVA"
UI_RETREAT_TO_MENU,"ОТСТУПИТЬ В МЕНЮ","RETREAT TO MENU","MENÜYE ÇEKİL","REPLI VERS LE MENU","RITIRATI NEL MENU"
UI_TO_MENU,"В МЕНЮ","TO MENU","MENÜYE","AU MENU","AL MENU"
TUTORIAL_INTRO,"Это твоя колония","This is your colony","Bu senin kolonin","Voici votre colonie","Questa è la tua colonia"
TUTORIAL_CAPTURE_NEUTRAL,"Захвати любую нейтральную клетку","Capture any neutral cell","Herhangi bir nötr hücreyi ele geçir","Capturez n'importe quelle cellule neutre","Cattura una cellula neutrale qualsiasi"
TUTORIAL_WAIT_CAPTURE,"Подожди, пока колония захватит клетку","Wait for your colony to capture the cell","Koloninin hücreyi ele geçirmesini bekle","Attendez que votre colonie capture la cellule","Aspetta che la tua colonia catturi la cellula"
TUTORIAL_ENERGY_BAR,"Это энергия перков. Она растет, когда ты захватываешь клетки, и тратится на способности. Захватывай клетки, пока не накопишь энергию на ускорение.","This is perk energy. It grows as you capture cells and is spent on abilities. Capture cells until you have enough energy for speed.","Bu yetenek enerjisidir. Hücreleri ele geçirdikçe artar ve yetenekler için harcanır. Hızlanma için yeterli enerji toplayana kadar hücreleri ele geçir.","Voici l'énergie de compétence. Elle augmente en capturant des cellules et sert à activer des pouvoirs. Capturez des cellules jusqu'à avoir l'énergie requise.","Questa è l'energia dei potenziamenti. Aumenta catturando cellule e serve per le abilità. Cattura cellule fino ad avere energia sufficiente per lo scatto."
TUTORIAL_SPEED_PERK,"Теперь нажми на перк ускорение!","Now activate the speed perk!","Şimdi hız yeteneğine bas!","Activez maintenant la compétence de vitesse !","Ora attiva il potenziamento scatto!"
TUTORIAL_MOVE_COMMAND,"Теперь кликни в любое место, чтобы отправить колонию дальше!","Now click anywhere to order your colony forward!","Şimdi kolonini ileri göndermek için herhangi bir yere tıkla!","Cliquez n'importe où pour déplacer votre colonie !","Ora clicca ovunque per far avanzare la tua colonia!"
TUTORIAL_FREE_PLAY_CONFIRM,"Отлично! Колония готова к наступлению. Теперь сокруши вражескую колонию и захвати арену!","Excellent! The colony is ready to advance. Now crush the enemy colony and dominate the arena!","Harika! Koloni hücuma hazır. Şimdi düşman kolonisini yok et ve arenayı ele geçir!","Parfait ! La colonie est prête à attaquer. Écrasez la colonie ennemie et dominez l'arène !","Ottimo! La colonia è pronta all'assalto. Ora distruggi la colonia nemica e conquista l'arena!"
TUTORIAL_CORNER_GOAL,"Захвати вражескую колонию","Capture the enemy colony","Düşman kolonisini ele geçir","Capturez la colonie ennemie","Cattura la colonia nemica"
PERK_SHIELD_SHORT,"Щит","Shield","Kalkan","Bouclier","Scudo"
PERK_RAPID_FIRE_SHORT,"Скорострельность","Rapid Fire","Seri Ateş","Tir Rapide","Fuoco Rapido"
PERK_SPEED_SHORT,"Скорость","Speed","Hız","Vitesse","Velocità"
PERK_VIRUS_SHORT,"Вирус","Virus","Virüs","Virus","Virus"
UI_NO_TARGET,"НЕТ ЦЕЛИ","NO TARGET","HEDEF YOK","AUCUNE CIBLE","NESSUN BERSAGLIO"
UI_LOADING,"Загрузка...","Loading...","Yükleniyor...","Chargement...","Caricamento..."
UI_LEVEL_N,"Уровень %d","Level %d","Bölüm %d","Niveau %d","Livello %d"
LEVEL_1,"Первые Деления","First Divisions","İlk Bölünmeler","Premières Divisions","Prime Divisioni"
LEVEL_2,"Тройной Барьер","Triple Barrier","Üçlü Bariyer","Triple Barrière","Tripla Barriera"
LEVEL_3,"Двойной Контакт","Double Contact","Çifte Temas","Double Contact","Doppio Contatto"
LEVEL_4,"Перекрестный Рост","Cross Growth","Çapraz Büyüme","Croissance Croisée","Crescita Incrociata"
LEVEL_5,"Плотная Мембрана","Dense Membrane","Yoğun Zar","Membrane Dense","Membrana Densa"
LEVEL_6,"Дуговой Раздел","Arc Split","Yay Ayrımı","Division en Arc","Divisione ad Arco"
LEVEL_7,"Тяжелые Потоки","Heavy Currents","Ağır Akıntılar","Courants Lourds","Correnti Pesanti"
LEVEL_8,"Шесть Просветов","Six Openings","Altı Açıklık","Six Ouvertures","Sei Fessure"
LEVEL_9,"Верхний Нажим","Upper Pressure","Üst Baskı","Pression Supérieure","Pressione Superiore"
LEVEL_10,"Секторный Захват","Sector Capture","Sektör Ele Geçirme","Capture de Secteur","Cattura di Settore"
LEVEL_11,"Широкий Перелом","Wide Breach","Geniş Kırılma","Large Brèche","Ampia Frattura"
LEVEL_12,"Сдавленные Рукава","Constricted Arms","Dar Boğazlar","Bras Resserrés","Bracci Stretti"
LEVEL_13,"Три Коридора","Three Corridors","Üç Koridor","Trois Couloirs","Tre Corridoi"
LEVEL_14,"Сдвинутый Центр","Shifted Center","Kaymış Merkez","Centre Décalé","Centro Spostato"
LEVEL_15,"Разветвленная Война","Branching War","Dallanan Savaş","Guerre Ramifiée","Guerra Diramata"
LEVEL_16,"Тройной Прессинг","Triple Press","Üçlü Baskı","Triple Pression","Triplo Pressing"
LEVEL_17,"Тройная Вилка","Triple Fork","Üçlü Çatal","Triple Fourche","Triplo Bivio"
LEVEL_18,"Сетчатый Центр","Mesh Center","Ağ Merkezi","Centre Maillé","Centro Reticolare"
LEVEL_19,"Сжатые Фронты","Compressed Fronts","Sıkışık Cepheler","Fronts Compressés","Fronti Compatti"
LEVEL_20,"Трехсторонний Узел","Three-Way Node","Üç Yönlü Düğüm","Nœud Tripartite","Nodo a Tre Vie"
LEVEL_21,"Периферийный Шторм","Peripheral Storm","Çevre Fırtınası","Tempête Périphérique","Tempesta Periferica"
LEVEL_22,"Фланговый Сплит","Flank Split","Kanat Ayrımı","Séparation de Flanc","Divisione di Fianco"
LEVEL_23,"Центральный Перекресток","Central Crossroads","Merkezi Kavşak","Carrefour Central","Incrocio Centrale"
LEVEL_24,"Разорванная Мембрана","Ruptured Membrane","Yırtık Zar","Membrane Rompue","Membrana Lacerata"
LEVEL_25,"Ядро Осаждения","Precipitation Core","Çökeltme Çekirdeği","Noyau de Dépôt","Nucleo di Deposito"
LEVEL_26,"Разводка Фронтов","Front Dispersal","Cephe Ayrışması","Dispersion des Fronts","Separazione dei Fronti"
LEVEL_27,"Боковой Разлом","Flank Rift","Yan Çatlak","Fissure Latérale","Faglia Laterale"
LEVEL_28,"Узел Давления","Pressure Node","Basınç Düğümü","Nœud de Pression","Nodo di Pressione"
LEVEL_29,"Смятые Маршруты","Crushed Routes","Ezilmiş Yollar","Itinéraires Froissés","Rotte Frantumate"
LEVEL_30,"Финальный Разнос","Final Havoc","Son Kaos","Choc Final","Distruzione Finale"
